Month,Mortgage,Balance,Interest,Paid Amount
1,6.885848266904386,149.9891517330956,6.875,0.010848266904385895
2,6.885848266904386,149.9778062539581,6.8745027877668825,0.01134547913750339
3,6.885848266904386,149.96594077369346,6.873982786639746,0.01186548026463985
4,6.885848266904386,149.9535314589167,6.873438952127617,0.012409314776768987
5,6.885848266904386,149.94055338387932,6.872870191867015,0.012978075037370473
6,6.885848266904386,149.92698048040273,6.872275363427803,0.013572903476583242
7,6.885848266904386,149.9127854855168,6.871653272018459,0.014194994885927237
8,6.885848266904386,149.8979398866986,6.871002668086187,0.014845598818198802
9,6.885848266904386,149.88241386460123,6.87032224480702,0.015526022097366088
10,6.885848266904386,149.86617623315774,6.86961063546089,0.016237631443495992
11,6.885848266904386,149.84919437693975,6.868866410686397,0.01698185621798931
12,6.885848266904386,149.8314341856451,6.868088075609738,0.017760191294647676
13,6.885848266904386,149.81285998558278,6.867274066842067,0.018574200062318802
14,6.885848266904386,149.7934344680176,6.866422749339211,0.019425517565174744
15,6.885848266904386,149.7731186142307,6.865532413117474,0.020315853786911475
16,6.885848266904386,149.7518716171452,6.864601269818908,0.021246997085477837
17,6.885848266904386,149.72965079935997,6.8636274491191545,0.02222081778523144
18,6.885848266904386,149.70641152742624,6.862608994970665,0.023239271933721106
19,6.885848266904386,149.68210712219556,6.861543861673702,0.024304405230683557
20,6.885848266904386,149.65668876505848,6.860429909767297,0.025418357137088954
21,6.885848266904386,149.63010539988593,6.859264901731848,0.02658336517253801
22,6.885848266904386,149.6023036304763,6.8580464974947715,0.02780176940961443
23,6.885848266904386,149.5732276133021,6.856772249730164,0.029076017174221924
24,6.885848266904386,149.5428189453407,6.855439598943012,0.03040866796137376
25,6.885848266904386,149.51101654676444,6.854045868328117,0.031802398576268764
26,6.885848266904386,149.47775653825343,6.852588258393371,0.03326000851101529
27,6.885848266904386,149.44297211268565,6.851063841336615,0.034784425567770505
28,6.885848266904386,149.40659340094604,6.849469555164759,0.036378711739627256
29,6.885848266904386,149.368547331585,6.84780219754336,0.038046069361025836
30,6.885848266904386,149.32875748404493,6.846058419364312,0.03978984754007353
31,6.885848266904386,149.28714393515926,6.8442347180187255,0.04161354888566038
32,6.885848266904386,149.24362309861635,6.842327430361467,0.043520836542918495
33,6.885848266904386,149.1981075570652,6.8403327253532495,0.04551554155113635
34,6.885848266904386,149.1505058865263,6.838246596365489,0.047601670538896634
35,6.885848266904386,149.10072247275437,6.836064853132456,0.049783413771930185
36,6.885848266904386,149.04865731918457,6.833783113334576,0.05206515356981001
37,6.885848266904386,148.99420584607614,6.83139679379596,0.054451473108425574
38,6.885848266904386,148.93725868045024,6.82890110127849,0.05694716562589619
39,6.885848266904386,148.87770143639983,6.82629102285397,0.05955724405041618
40,6.885848266904386,148.81541448533045,6.823561315834993,0.062286951069393304
41,6.885848266904386,148.75027271567038,6.820706497244313,0.06514176966007312
42,6.885848266904386,148.68214528156756,6.817720832801559,0.06812743410282707
43,6.885848266904386,148.61089534006834,6.814598325405179,0.07124994149920649
44,6.885848266904386,148.5363797762504,6.811332703086465,0.07451556381792113
45,6.885848266904386,148.45844891575751,6.807917406411477,0.0779308604929092
46,6.885848266904386,148.37694622415867,6.804345575305553,0.08150269159883283
47,6.885848266904386,148.29170799252822,6.80061003527394,0.08523823163044586
48,6.885848266904386,148.2025630086147,6.796703282990876,0.08914498391350989
49,6.885848266904386,148.10933221293848,6.792617471228174,0.09323079567621217
50,6.885848266904386,148.0118283391271,6.788344393093014,0.09750387381137227
51,6.885848266904386,147.90985553776605,6.783875465543326,0.10197280136106013
52,6.885848266904386,147.80320898300928,6.779201712147611,0.1066465547567752
53,6.885848266904386,147.6916744611595,6.774313745054592,0.11153452184979429
54,6.885848266904386,147.57502794039158,6.769201746136477,0.11664652076790905
55,6.885848266904386,147.45303512075515,6.763855447267947,0.12199281963643926
56,6.885848266904386,147.32545096355204,6.758264109701277,0.1275841572031089
57,6.885848266904386,147.1920191991438,6.752416502496136,0.13343176440825033
58,6.885848266904386,147.05247181220017,6.746300879960757,0.13954738694362856
59,6.885848266904386,146.90652850335496,6.739904958059174,0.14594330884521156
60,6.885848266904386,146.75389612618767,6.733215889737103,0.15263237716728284
61,6.885848266904386,146.59426809840022,6.726220239116935,0.1596280277874511
62,6.885848266904386,146.42732378600584,6.718903954510011,0.16694431239437524
63,6.885848266904386,146.2527278592934,6.711252340191934,0.17459592671245172
64,6.885848266904386,146.0701296192733,6.703250026884281,0.18259824002010472
65,6.885848266904386,145.87916229325228,6.694880940883361,0.19096732602102495
66,6.885848266904386,145.67944229812196,6.686128271774063,0.199719995130323
67,6.885848266904386,145.4705684698815,6.676974438663923,0.20887382824046252
68,6.885848266904386,145.25212125784668,6.667401054869568,0.21844721203481754
69,6.885848266904386,145.02366188192693,6.657388890984639,0.22845937591974685
70,6.885848266904386,144.78473145127754,6.646917836254985,0.23893043064940134
71,6.885848266904386,144.5348500425567,6.635966858183553,0.24988140872083253
72,6.885848266904386,144.27351573593617,6.624513960283849,0.2613343066205367
73,6.885848266904386,144.00020360692886,6.612536137897075,0.2733121290073113
74,6.885848266904386,143.7143646720087,6.600009331984239,0.28583893492014667
75,6.885848266904386,143.41542478590472,6.586908380800399,0.2989398861039865
76,6.885848266904386,143.1027834883543,6.573206969353966,0.31264129755042
77,6.885848266904386,142.7758127979995,6.558877576549572,0.3269706903548135
78,6.885848266904386,142.4338559510034,6.54389141990831,0.34195684699607565
79,6.885848266904386,142.07622608185335,6.528218397754323,0.35762986915006323
80,6.885848266904386,141.70220484370057,6.511827028751612,0.3740212381527739
81,6.885848266904386,141.3110409654658,6.494684388669609,0.39116387823477705
82,6.885848266904386,140.90194874281192,6.476756044250515,0.4090922226538707
83,6.885848266904386,140.47410645995308,6.458005984045546,0.4278422828588395
84,6.885848266904386,140.02665473912987,6.438396546081183,0.44745172082320295
85,6.885848266904386,139.5586948144356,6.4178883422101185,0.4679599246942674
86,6.885848266904386,139.06928672652617,6.396440178994965,0.48940808790942114
87,6.885848266904386,138.55744743458757,6.374008974965783,0.5118392919386032
88,6.885848266904386,138.02214884176846,6.350549674085264,0.5352985928191218
89,6.885848266904386,137.46231573011178,6.32601515524772,0.5598331116566655
90,6.885848266904386,136.87682360083753,6.300356137630124,0.5854921292742619
91,6.885848266904386,136.2644964156382,6.273521081705053,0.6123271851993328
92,6.885848266904386,135.62410423445058,6.245456085716751,0.640392181187635
93,6.885848266904386,134.9543607449585,6.216104777412318,0.6697434894920677
94,6.885848266904386,134.25392067886472,6.185408200810598,0.7004400660937877
95,6.885848266904386,133.52137710974162,6.153304697781299,0.732543569123087
96,6.885848266904386,132.75525862703373,6.119729784196491,0.7661184827078946
97,6.885848266904386,131.95402638053505,6.084616020405712,0.8012322464986736
98,6.885848266904386,131.1160709894052,6.047892875774523,0.8379553911298627
99,6.885848266904386,130.2397093095152,6.009486587014404,0.8763616798899818
100,6.885848266904386,129.32318105263028,5.969320010019447,0.9165282568849387
101,6.885848266904386,128.36464525063812,5.92731246491222,0.9585358019921655
102,6.885848266904386,127.36217655772131,5.88337957398758,1.002468692916806
103,6.885848266904386,126.31376138304582,5.837433092228893,1.048415174675493
104,6.885848266904386,125.21729384619769,5.789380730056266,1.0964675368481203
105,6.885848266904386,124.07057154724403,5.739125967950727,1.1467222989536587
106,6.885848266904386,122.87129114292166,5.6865678625820175,1.1992804043223684
107,6.885848266904386,121.61704372006785,5.631600844050577,1.2542474228538092
108,6.885848266904386,120.3053099569999,5.5741145038364435,1.3117337630679424
109,6.885848266904386,118.93345506312468,5.513993373029162,1.3718548938752235
110,6.885848266904386,117.49872348661351,5.4511166903932144,1.4347315765111714
111,6.885848266904386,115.99823337951224,5.385358159803119,1.5004901071012666
112,6.885848266904386,114.42897080916883,5.316585696560978,1.5692625703434082
113,6.885848266904386,112.78778370435136,5.2446611620869055,1.6411871048174804
114,6.885848266904386,111.0713755238964,5.169440086449437,1.7164081804549491
115,6.885848266904386,109.2762986351706,5.0907713781785855,1.7950768887258004
116,6.885848266904386,107.39894738904488,5.008497020778653,1.8773512461257331
117,6.885848266904386,105.43555087747171,4.922451755331224,1.963396511573162
118,6.885848266904386,103.38216535911812,4.832462748550786,2.0533855183535996
119,6.885848266904386,101.23466633783998,4.738349245626247,2.147499021278139
120,6.885848266904386,98.9887402780866,4.639922207151,2.245926059753386
121,6.885848266904386,96.63987594059451,4.536983929412302,2.348864337492084
122,6.885848266904386,94.18335532096737,4.4293276472772485,2.4565206196271374
123,6.885848266904386,91.61424417294064,4.316737118877671,2.569111148026715
124,6.885848266904386,88.92738209729603,4.19898619125978,2.6868620756446058
125,6.885848266904386,86.11737217651772,4.075838346126068,2.8100099207783176
126,6.885848266904386,83.17857013437039,3.9470462247570626,2.9388020421473233
127,6.885848266904386,80.10507299862465,3.8123511311586427,3.0734971357457432
128,6.885848266904386,76.89070724415723,3.671482512436963,3.2143657544674227
129,6.885848266904386,73.52901639261005,3.5241574153572057,3.36169085154718
130,6.885848266904386,70.01324804370029,3.370079917994627,3.515768348909759
131,6.885848266904386,66.33634031213217,3.208940535336263,3.676907731568123
132,6.885848266904386,62.49090764286717,3.040415597639391,3.8454326692649947
133,6.885848266904386,58.469225976260866,2.864166600298079,4.021681666606307
134,6.885848266904386,54.263217233268435,2.6798395239119563,4.206008742992429
135,6.885848266904386,49.86443308955552,2.48706412319147,4.398784143712916
136,6.885848266904386,45.26403800592243,2.285453183271295,4.6003950836330905
137,6.885848266904386,40.45279148095616,2.0746017419381113,4.811246524966275
138,6.885848266904386,35.42102949026226,1.8540862762104906,5.031761990693895
139,6.885848266904386,30.158645074994897,1.6234638516370203,5.262384415267365
140,6.885848266904386,24.655068040694445,1.3822712326039328,5.503577034300453
141,6.885848266904386,18.89924372565522,1.130023951865162,5.755824315039224
142,6.885848266904386,12.8796107961767,0.8662153374258642,6.019632929478521
143,6.885848266904386,6.584078024097079,0.5903154948247654,6.29553277207962
144,6.885848266904386,0.0,0.30177024277111614,6.5840780241332695
